[{"name": "Lorentz", "id": 5740496070, "username": "Naka_Uchiha", "status": "allow"}, {"name": "Lorentz", "id": 420015794, "username": "Lorntz", "status": "allow"}, {"name": "Firdavs", "id": 690370212, "username": "Firdavs_Abdulmutallib", "status": "allow"}, {"name": "Bobur", "id": 681675855, "username": "Bobur514", "status": "allow"}, {"name": "Nodirbek", "id": 472770541, "username": "NodirbekChoriev", "status": "allow"}, {"name": "Elbek", "id": 100985709, "username": "E4477", "status": "allow"}, {"name": "Sumayya", "id": 1088317304, "username": "Sumayya_I", "status": "allow"}]